score	path
3.597	input_images/insightface_img.png
3.693	input_images/face_test/TEST_PERSON_谭松韵_1782693397477.jpg
3.734	input_images/face_test/TEST_PERSON_林依晨_1782859752849.jpg
3.802	input_images/face_test/TEST_PERSON_谭松韵_1782693398818.jpg
3.815	input_images/face_test/TEST_PERSON_谭松韵_1782693400511.jpg
3.845	input_images/face_test/TEST_PERSON_谭松韵_1782693395584.jpg
3.851	input_images/face_test/TEST_PERSON_张天爱_1782693407814.jpg
3.903	input_images/face_test/TEST_PERSON_林依晨_1782859755489.jpg
3.920	input_images/face_test/TEST_PERSON_林依晨_1782859757911.jpg
3.977	input_images/face_test/TEST_PERSON_古力娜扎_1782859281587.jpg
4.037	input_images/face_test/TEST_PERSON_张天爱_1782693421482.jpg
4.061	input_images/face_test/TEST_PERSON_张天爱_1782693420418.jpg
4.066	input_images/face_test/TEST_PERSON_杨幂_1782835731389.jpg
4.069	input_images/face_test/TEST_PERSON_辛芷蕾_1783217185968.jpg
4.077	input_images/face_test/TEST_PERSON_陈乔恩_1783217212441.jpg
4.080	input_images/face_test/TEST_PERSON_谭松韵_1782693402617.jpg
4.096	input_images/face_test/TEST_PERSON_张天爱_1782693412579.jpg
4.128	input_images/face_test/TEST_PERSON_辛芷蕾_1783217186759.jpg
4.164	input_images/face_test/TEST_PERSON_曾黎_1782859550367.jpg
4.196	input_images/face_test/TEST_PERSON_古力娜扎_1782859126309.jpg
4.198	input_images/face_test/TEST_PERSON_辛芷蕾_1783217192859.jpg
4.229	input_images/face_test/TEST_PERSON_张天爱_1782693418120.jpg
4.241	input_images/face_test/TEST_PERSON_陈乔恩_1783217257966.jpg
4.242	input_images/face_test/TEST_PERSON_张天爱_1782693407249.jpg
4.250	input_images/face_test/TEST_PERSON_杨幂_1777626826994.jpg
4.253	input_images/face_test/TEST_PERSON_古力娜扎_1782859283051.jpg
4.254	input_images/face_test/TEST_PERSON_白冰_1782859544535.jpg
4.254	input_images/face_test/TEST_PERSON_辛芷蕾_1783217185065.jpg
4.261	input_images/face_test/TEST_PERSON_张天爱_1782693409841.jpg
4.269	input_images/face_test/TEST_PERSON_古力娜扎_1782859286230.jpg
4.278	input_images/face_test/TEST_PERSON_杨幂_1777626837754.jpg
4.300	input_images/face_test/TEST_PERSON_陈乔恩_1783217255992.jpg
4.308	input_images/face001_landmarks.png
4.312	input_images/face_test/TEST_PERSON_白冰_1782859541669.jpg
4.315	input_images/face_test/TEST_PERSON_陈乔恩_1783217210045.jpg
4.319	input_images/face_test/TEST_PERSON_陈乔恩_1783217213657.jpg
4.324	input_images/face_test/TEST_PERSON_杨幂_1782834493144.jpg
4.324	input_images/face_test/TEST_PERSON_杨幂_1777626827403.jpg
4.324	input_images/face_test/TEST_PERSON_杨幂_1777626838236.jpg
4.338	input_images/face_test/TEST_PERSON_秦岚_1783217205789.jpg
4.344	input_images/face_test/TEST_PERSON_谭松韵_1782693392875.jpg
4.360	input_images/face_test/TEST_PERSON_谭松韵_1782693394968.jpg
4.384	input_images/face_test/TEST_PERSON_白冰_1782859537124.jpg
4.384	input_images/face_test/TEST_PERSON_陈乔恩_1783217210696.jpg
4.406	input_images/face_test/TEST_PERSON_陈乔恩_1783217251533.jpg
4.418	input_images/face_test/TEST_PERSON_谭松韵_1782693392811.jpg
4.420	input_images/face_test/TEST_PERSON_陈乔恩_1783217248570.jpg
4.423	input_images/face_test/TEST_PERSON_古力娜扎_1782859289268.jpg
4.427	input_images/face_test/TEST_PERSON_张天爱_1782693409993.jpg
4.428	input_images/face_test/TEST_PERSON_曾黎_1782859549352.jpg
4.429	input_images/new_portrait.png
4.443	input_images/face_test/TEST_PERSON_林依晨_1782859736904.jpg
4.463	input_images/face_test/TEST_PERSON_秦岚_1783217202879.jpg
4.469	input_images/face_test/TEST_PERSON_秦岚_1783217206839.jpg
4.474	input_images/face_test/TEST_PERSON_陈乔恩_1783217254523.jpg
4.476	input_images/volcano_img.png
4.498	input_images/face_test/TEST_PERSON_秦岚_1783217203195.jpg
4.512	input_images/face_test/TEST_PERSON_林依晨_1782859734768.jpg
4.515	input_images/face_test/TEST_PERSON_杨幂_1777626824158.jpg
4.515	input_images/face_test/TEST_PERSON_杨幂_1782835731383.jpg
4.518	input_images/face_test/TEST_PERSON_白冰_1782859539621.jpg
4.519	input_images/face_test/TEST_PERSON_林依晨_1782859746173.jpg
4.533	input_images/face002_landmarks.png
4.537	input_images/face_test/TEST_PERSON_陈乔恩_1783217254596.jpg
4.546	input_images/face_test/TEST_PERSON_杨幂_1777626818293.jpg
4.566	input_images/face_test/TEST_PERSON_谭松韵_1782693402985.jpg
4.584	input_images/face_test/TEST_PERSON_杨幂_1777626821399.jpg
4.642	input_images/face_test/TEST_PERSON_曾黎_1782859547546.jpg
4.660	input_images/face_test/TEST_PERSON_杨幂_1777626815753.jpg
4.681	input_images/img_lyf.png
4.699	input_images/face001.png
4.706	input_images/face_test/TEST_PERSON_张天爱_1782693412752.jpg
4.712	input_images/face_test/TEST_PERSON_古力娜扎_1782859281576.jpg
4.729	input_images/face_test/TEST_PERSON_古力娜扎_1782859124225.jpg
4.756	input_images/face_test/TEST_PERSON_谭松韵_1782693401244.jpg
4.760	input_images/face_test/TEST_PERSON_杨幂_1777626816213.jpg
4.778	input_images/face_test/TEST_PERSON_白冰_1782859538887.jpg
4.789	input_images/face_test/TEST_PERSON_古力娜扎_1782859283203.jpg
4.845	input_images/img_MLKit.png
4.857	input_images/face_test/TEST_PERSON_倪妮_1777626854772.jpg
4.869	input_images/face_test/TEST_PERSON_林依晨_1782859734956.jpg
4.922	input_images/face_test/TEST_PERSON_古力娜扎_1782859124762.jpg
4.955	input_images/face002.png
5.019	input_images/face_test/TEST_PERSON_倪妮_1777626856797.jpg
5.030	input_images/face_test/TEST_PERSON_张天爱_1782693414252.jpg
5.039	input_images/face_test/TEST_PERSON_倪妮_1777626861577.jpg
5.051	input_images/face_test/TEST_PERSON_白冰_1782859541729.jpg
5.122	input_images/face_test/TEST_PERSON_古力娜扎_1782859126403.jpg
5.392	input_images/face.jpg
5.401	input_images/face_test/TEST_PERSON_白冰_1782859538371.jpg